Action,Category name,Item number,Title,Listing site,Currency,Start price,Buy It Now price,Available quantity,Relationship,Relationship details,Custom label (SKU),Cost,check
Revise,PC Desktops & All-In-Ones (179),396836992473.0,Dell Windows 11 Pro Desktop Computer PC Core i7 Upto 32GB RAM Upto 1TB SSD,US,USD,,,,,Operating System=Windows 11;Windows 10|Memory=8GB;16GB;32GB|Storage=256GB SSD;512GB SSD;1TB SSD|Accessories=NONE,33729204,,False
Revise,PC Desktops & All-In-Ones (179),396840594132.0,Dell OptiPlex Desktop Computer PC i7 Up To 32GB RAM 1TB SSD Windows 10/11 Wi-Fi,US,USD,,,,,Operating System=Windows 10 Pro;Windows 11 Pro|RAM Size=8 GB;16 GB;32 GB|SSD Capacity=256 GB;512 GB;1 TB|Accessories=NONE;HDMI Cable;Keyboard & Mouse,33734590,,False
Revise,PC Desktops & All-In-Ones (179),396870525290.0,"DELL OptiPlex Desktop PC i7,Up to 32GB RAM, 1TB NVME SSD,Windows 10/11,Wifi+BT",US,USD,,,,,Operating System=Windows 10 Pro;Windows 11 Pro|RAM Size=8 GB;16 GB;32 GB|SSD Capacity=256 GB;512 GB;1 TB,33769129,,False
Revise,PC Desktops & All-In-Ones (179),396911095771.0,"DELL Desktop Computer PC i5,up to 32GB RAM 1TB SSD, Win10/11, WIFI,DVD-RW",US,USD,,,,,Operating System=Windows 10 Pro;Windows 11 Pro|RAM Size=8 GB;16 GB;32 GB|SSD Capacity=128 GB;256 GB;512 GB;1 TB,33800403,,False
Revise,PC Desktops & All-In-Ones (179),396983416891.0,Dell i5 Desktop Computer | Upto 32GB RAM | Upto 1TB SSD | Windows 10/11 Pro,US,USD,,,,,RAM Size=8 GB;16;32 GB|Hard Drive Capacity=256 GB;512 GB;1TB|Operating System=Windows 10 Pro;Windows 11 Pro,33834589,,False
Revise,PC Desktops & All-In-Ones (179),396983992138.0,Dell Desktop PC Intel i5 | Windows 11 Pro | Up to 32GB RAM | Up to 1TB SSD,US,USD,,,,,RAM Size=8 GB;16 GB;32 GB|Storage=256GB SSD;512GB SSD;1TB SSD,33835663,,False
Revise,PC Desktops & All-In-Ones (179),397002556650.0,Dell OptiPlex Desktop PC Intel i5 | Up to 32GB RAM | Up to 1TB SSD | Win 11 Pro,US,USD,,,,,RAM Size=8 GB;16 GB;32 GB|Hard Drive Capacity=256;512;1TB SSD|Operating System=Windows 11 Pro,33842793,,False
Revise,PC Desktops & All-In-Ones (179),397003046166.0,Dell OptiPlex SFF Desktop PC Intel i5 | Up to 32GB RAM | 1TB SSD | Win 10/11 Pro,US,USD,,,,,RAM Size=8 GB;16 GB;32 GB|Hard Drive Capacity=256 GB;512 GB;1TB|Operating System=Windows 10 Pro;Windows 11 Pro,33843097,,False
Revise,PC Desktops & All-In-Ones (179),397027214627.0,"DELL OptiPlex Desktop PC i7,Up to 32GB RAM, 1TB NVME SSD,Windows 11 PRO,Wifi+BT",US,USD,,,,,RAM Size=8 GB;16 GB;32 GB|SSD Capacity=256 GB;512 GB;1 TB,33852308,,False
,,,,,,,,,,,5QZ-IN-IHH,49.4,False
,,,,,,240.25,,10.0,Variation,RAM Size=32 GB|Hard Drive Capacity=256 GB|Operating System=Windows 10 Pro,8UU-YDE-UTF,,False
,,,,,,,,,,,9Q6-D0HV-8AM2,65.5,False
,,,,,,146.25,,10.0,Variation,Operating System=Windows 10 Pro|RAM Size=8 GB|SSD Capacity=256 GB,BYD-YFD-VTQ,,False
,,,,,,185.25,,10.0,Variation,Operating System=Windows 10 Pro|RAM Size=8 GB|SSD Capacity=512 GB,BYD-YFD-VTQ-1,,False
,,,,,,196.25,,10.0,Variation,Operating System=Windows 11 Pro|RAM Size=8 GB|SSD Capacity=512 GB,BYD-YFD-VTQ-10,,False
,,,,,,230.25,,10.0,Variation,Operating System=Windows 11 Pro|RAM Size=8 GB|SSD Capacity=1 TB,BYD-YFD-VTQ-11,,False
,,,,,,192.25,,10.0,Variation,Operating System=Windows 11 Pro|RAM Size=16 GB|SSD Capacity=256 GB,BYD-YFD-VTQ-12,,False
,,,,,,210.25,,10.0,Variation,Operating System=Windows 11 Pro|RAM Size=16 GB|SSD Capacity=512 GB,BYD-YFD-VTQ-13,,False
,,,,,,250.25,,10.0,Variation,Operating System=Windows 11 Pro|RAM Size=16 GB|SSD Capacity=1 TB,BYD-YFD-VTQ-14,,False
,,,,,,222.25,,10.0,Variation,Operating System=Windows 11 Pro|RAM Size=32 GB|SSD Capacity=256 GB,BYD-YFD-VTQ-15,,False
,,,,,,235.25,,10.0,Variation,Operating System=Windows 11 Pro|RAM Size=32 GB|SSD Capacity=512 GB,BYD-YFD-VTQ-16,,False
,,,,,,278.25,,10.0,Variation,Operating System=Windows 11 Pro|RAM Size=32 GB|SSD Capacity=1 TB,BYD-YFD-VTQ-17,,False
,,,,,,219.25,,10.0,Variation,Operating System=Windows 10 Pro|RAM Size=8 GB|SSD Capacity=1 TB,BYD-YFD-VTQ-2,,False
,,,,,,165.25,,10.0,Variation,Operating System=Windows 10 Pro|RAM Size=16 GB|SSD Capacity=256 GB,BYD-YFD-VTQ-3,,False
,,,,,,190.25,,10.0,Variation,Operating System=Windows 10 Pro|RAM Size=16 GB|SSD Capacity=512 GB,BYD-YFD-VTQ-4,,False
,,,,,,240.25,,10.0,Variation,Operating System=Windows 10 Pro|RAM Size=16 GB|SSD Capacity=1 TB,BYD-YFD-VTQ-5,,False
,,,,,,211.25,,10.0,Variation,Operating System=Windows 10 Pro|RAM Size=32 GB|SSD Capacity=256 GB,BYD-YFD-VTQ-6,,False
,,,,,,225.25,,10.0,Variation,Operating System=Windows 10 Pro|RAM Size=32 GB|SSD Capacity=512 GB,BYD-YFD-VTQ-7,,False
,,,,,,268.25,,10.0,Variation,Operating System=Windows 10 Pro|RAM Size=32 GB|SSD Capacity=1 TB,BYD-YFD-VTQ-8,,False
,,,,,,154.25,,10.0,Variation,Operating System=Windows 11 Pro|RAM Size=8 GB|SSD Capacity=256 GB,BYD-YFD-VTQ-9,,False
,,,,,,,,,,,C5M-QTAC-19Z6,96.4,False
,,,,,,,,,,,COS-GHB-C54,65.5,False
,,,,,,,,,,,COS-GHB-C54-3,65.5,False
,,,,,,,,,,,COS-GHB-C54-4,79.5,False
,,,,,,,,,,,COS-GHB-C54-5,100.5,False
Revise,PC Desktops & All-In-Ones (179),396869851001.0,"DELL Desktop Computer PC i5,up to 32GB RAM,1TB m.2 SSD, Windows 10/11, WiFi",US,USD,,,,,Operating System=Windows 11 Pro;Windows 10 Pro|RAM Size=8 GB;16 GB;32 GB|SSD Capacity=128 GB;250 GB;500 GB;1 TB|Accessories=NONE;RGB Keyboard & Mouse,D9F-7IT-U3V,,False
Revise,PC Desktops & All-In-Ones (179),396767148169.0,HP PRO 3500 MIDTOWER PC INTEL CORE i3-3220 3.3GHz 8GB 500GB WINDOWS 10 PRO,US,USD,161.67,,10.0,,,H39U-P2G8-PFILT,,False
Revise,Barcode Scanners (46706),396999073549.0,Symcode MJ R30 2D Portable Wireless Bluetooth Finger Ring Barcode Scanner Reader,US,USD,75.0,,3.0,,,I1H-7YW-W23,,False
,,,,,,,,,,,ID6-SI8-OUM,118.0,False
,,,,,,140.25,,10.0,Variation,Operating System=Windows 11 Pro|RAM Size=8 GB|SSD Capacity=128 GB,IF_00CBC69C,46.5,False
,,,,,,,,,,,IF_0777984F,83.0,False
,,,,,,277.25,,10.0,Variation,Operating System=Windows 10 Pro|RAM Size=16 GB|SSD Capacity=1 TB|Accessories=RGB Keyboard & Mouse,IF_083EAB54,,False
,,,,,,313.25,,10.0,Variation,Operating System=Windows 11 Pro|RAM Size=32 GB|SSD Capacity=1 TB|Accessories=RGB Keyboard & Mouse,IF_09BB4997,,False
,,,,,,270.25,,10.0,Variation,RAM Size=16|Hard Drive Capacity=1TB|Operating System=Windows 10 Pro,IF_0A4511F7,,False
,,,,,,168.25,,3.0,Variation,RAM Size=8 GB|SSD Capacity=256 GB,IF_0D2B1520,,False
,,,,,,285.25,,10.0,Variation,Operating System=Windows 11 Pro|RAM Size=16 GB|SSD Capacity=1 TB|Accessories=RGB Keyboard & Mouse,IF_0EE07D0C,,False
,,,,,,192.25,,10.0,Variation,Operating System=Windows 11 Pro|RAM Size=16 GB|SSD Capacity=250 GB|Accessories=NONE,IF_0F8BDE53,,False
,,,,,,200.25,,10.0,Variation,Operating System=Windows 10 Pro|RAM Size=16 GB|SSD Capacity=256 GB,IF_130B0915,,False
,,,,,,,,,,,IF_154D8723,58.0,False
,,,,,,150.25,,10.0,Variation,Operating System=Windows 10 Pro|RAM Size=16 GB|SSD Capacity=128 GB|Accessories=NONE,IF_15F83DC2,,False
,,,,,,235.25,,10.0,Variation,Operating System=Windows 11 Pro|RAM Size=8 GB|SSD Capacity=1 TB,IF_176DAF69,,False
,,,,,,244.25,,10.0,Variation,Operating System=Windows 11 Pro|RAM Size=16 GB|SSD Capacity=500 GB|Accessories=RGB Keyboard & Mouse,IF_1A31D5F9,,False
,,,,,,,,,,,IF_1AA7419F,54.5,False
,,,,,,123.19,,3.0,Variation,RAM Size=8 GB|Hard Drive Capacity=512|Operating System=Windows 11 Pro,IF_1CCB9390,,False
,,,,,,275.25,,10.0,Variation,Operating System=Windows 11 Pro|RAM Size=16 GB|SSD Capacity=1 TB|Accessories=NONE,IF_1DFB7649,,False
,,,,,,240.25,,10.0,Variation,RAM Size=16|Hard Drive Capacity=1TB|Operating System=Windows 11 Pro,IF_1F84EA10,,False
,,,,,,,,,,,IF_1FC6E52C,88.0,False
,,,,,,,,,,,IF_219DC41B,75.0,False
,,,,,,270.25,,10.0,Variation,Operating System=Windows 11 Pro|RAM Size=32 GB|SSD Capacity=500 GB|Accessories=RGB Keyboard & Mouse,IF_21EDD20C,,False
,,,,,,149.09,,3.0,Variation,RAM Size=16 GB|Hard Drive Capacity=512|Operating System=Windows 11 Pro,IF_225569AB,,False
,,,,,,165.25,,10.0,Variation,Operating System=Windows 11 Pro|RAM Size=8 GB|SSD Capacity=256 GB,IF_23EA8B63,,False
,,,,,,207.25,,10.0,Variation,Operating System=Windows 10 Pro|RAM Size=8 GB|SSD Capacity=500 GB|Accessories=NONE,IF_259008BF,,False
,,,,,,164.99,,0.0,Variation,RAM Size=8 GB|Hard Drive Capacity=512 GB|Operating System=Windows 10 Pro,IF_26EC1044,,False
,,,,,,,,,,,IF_288CE5A8,56.0,False
,,,,,,240.25,,10.0,Variation,Operating System=Windows 10 Pro|RAM Size=32 GB|SSD Capacity=256 GB,IF_2942DABD,,False
,,,,,,215.25,,10.0,Variation,Operating System=Windows 10 Pro|RAM Size=32 GB|SSD Capacity=128 GB,IF_2C73222F,,False
,,,,,,140.25,,10.0,Variation,RAM Size=8 GB|Hard Drive Capacity=256 GB|Operating System=Windows 11 Pro,IF_2C8BB817,,False
,,,,,,175.25,,10.0,Variation,Operating System=Windows 10 Pro|RAM Size=16 GB|SSD Capacity=128 GB,IF_2CA16E92,,False
,,,,,,153.29,,3.0,Variation,RAM Size=32 GB|Hard Drive Capacity=256|Operating System=Windows 11 Pro,IF_305714E4,,False
,,,,,,200.25,,10.0,Variation,RAM Size=8 GB|Hard Drive Capacity=512 GB|Operating System=Windows 11 Pro,IF_340499B6,,False
,,,,,,315.25,,10.0,Variation,Operating System=Windows 11 Pro|RAM Size=32 GB|SSD Capacity=1 TB,IF_378ECD6C,116.5,False
,,,,,,230.25,,10.0,Variation,RAM Size=8 GB|Hard Drive Capacity=1TB|Operating System=Windows 10 Pro,IF_38266920,,False
,,,,,,197.25,,10.0,Variation,Operating System=Windows 11 Pro|RAM Size=32 GB|SSD Capacity=128 GB|Accessories=RGB Keyboard & Mouse,IF_39622742,,False
,,,,,,235.25,,10.0,Variation,RAM Size=16|Hard Drive Capacity=512 GB|Operating System=Windows 10 Pro,IF_39AD308F,,False
,,,,,,270.25,,10.0,Variation,Operating System=Windows 10 Pro|RAM Size=16 GB|SSD Capacity=1 TB,IF_39F4BBEB,,False
,,,,,,167.99,,0.0,Variation,RAM Size=8 GB|Hard Drive Capacity=512 GB|Operating System=Windows 11 Pro,IF_3A07400F,,False
,,,,,,170.25,,10.0,Variation,Operating System=Windows 11 Pro|RAM Size=16 GB|SSD Capacity=128 GB|Accessories=RGB Keyboard & Mouse,IF_3D8DFD4B,,False
,,,,,,,,,,,IF_3ED4AAAD,48.0,False
,,,,,,175.25,,10.0,Variation,Operating System=Windows 10 Pro|RAM Size=32 GB|SSD Capacity=128 GB|Accessories=NONE,IF_4093E986,,False
,,,,,,329.99,,0.0,Variation,RAM Size=32 GB|Hard Drive Capacity=1TB|Operating System=Windows 11 Pro,IF_426D4C84,,False
,,,,,,258.25,,10.0,Variation,Operating System=Windows 11 Pro|RAM Size=8 GB|SSD Capacity=1 TB|Accessories=NONE,IF_42970DC4,,False
,,,,,,225.25,,10.0,Variation,Operating System=Windows 11 Pro|RAM Size=8 GB|SSD Capacity=500 GB|Accessories=RGB Keyboard & Mouse,IF_4420638A,,False
,,,,,,159.99,,0.0,Variation,RAM Size=8 GB|Hard Drive Capacity=256 GB|Operating System=Windows 11 Pro,IF_445437F5,,False
,,,,,,280.25,,10.0,Variation,Operating System=Windows 11 Pro|RAM Size=32 GB|SSD Capacity=512 GB,IF_460893CB,95.5,False
,,,,,,,,,,,IF_4A4E9330,97.0,False
,,,,,,223.25,,10.0,Variation,Operating System=Windows 10 Pro|RAM Size=16 GB|SSD Capacity=500 GB|Accessories=NONE,IF_4A722809,,False
,,,,,,,,,,,IF_527A15FF,81.0,False
,,,,,,289.99,,0.0,Variation,RAM Size=32 GB|Hard Drive Capacity=256 GB|Operating System=Windows 11 Pro,IF_52E48F80,,False
,,,,,,,,,,,IF_542FB4D4,56.0,False
,,,,,,242.99,,0.0,Variation,RAM Size=16 GB|Hard Drive Capacity=1TB|Operating System=Windows 10 Pro,IF_5582E92E,,False
,,,,,,147.69,,3.0,Variation,RAM Size=8 GB|Hard Drive Capacity=1TB SSD|Operating System=Windows 11 Pro,IF_5590DCF6,,False
,,,,,,217.25,,10.0,Variation,Operating System=Windows 10 Pro|RAM Size=8 GB|SSD Capacity=500 GB|Accessories=RGB Keyboard & Mouse,IF_5CB1758E,,False
,,,,,,230.25,,10.0,Variation,Operating System=Windows 10 Pro|RAM Size=8 GB|SSD Capacity=1 TB,IF_5ECB8650,,False
,,,,,,195.25,,10.0,Variation,RAM Size=8 GB|Hard Drive Capacity=512 GB|Operating System=Windows 10 Pro,IF_5F387746,,False
,,,,,,200.25,,10.0,Variation,RAM Size=16|Hard Drive Capacity=256 GB|Operating System=Windows 10 Pro,IF_6025AB1C,,False
,,,,,,200.25,,10.0,Variation,Operating System=Windows 11 Pro|RAM Size=8 GB|SSD Capacity=512 GB,IF_63447A08,71.5,False
,,,,,,199.99,,0.0,Variation,RAM Size=16 GB|Hard Drive Capacity=256 GB|Operating System=Windows 10 Pro,IF_671CCC53,,False
,,,,,,172.19,,3.0,Variation,RAM Size=16 GB|Hard Drive Capacity=1TB SSD|Operating System=Windows 11 Pro,IF_67783588,,False
,,,,,,185.25,,10.0,Variation,Operating System=Windows 11 Pro|RAM Size=8 GB|SSD Capacity=250 GB|Accessories=RGB Keyboard & Mouse,IF_680D8782,,False
,,,,,,153.25,,10.0,Variation,Operating System=Windows 11 Pro|RAM Size=8 GB|SSD Capacity=128 GB|Accessories=RGB Keyboard & Mouse,IF_69CF45FE,,False
,,,,,,228.25,,3.0,Variation,RAM Size=16 GB|SSD Capacity=512 GB,IF_6AF6FE20,,False
,,,,,,240.25,,0.0,Variation,RAM Size=16 GB|Storage=256GB SSD,IF_6D89C57B,,False
,,,,,,,,,,,IF_6F58ECAD,73.0,False
,,,,,,234.25,,10.0,Variation,Operating System=Windows 10 Pro|RAM Size=16 GB|SSD Capacity=512 GB,IF_72268247,,False
,,,,,,292.25,,10.0,Variation,Operating System=Windows 10 Pro|RAM Size=32 GB|SSD Capacity=1 TB|Accessories=NONE,IF_725D8823,,False
,,,,,,180.25,,10.0,Variation,Operating System=Windows 11 Pro|RAM Size=16 GB|SSD Capacity=128 GB,IF_755F345D,,False
,,,,,,160.25,,10.0,Variation,Operating System=Windows 10 Pro|RAM Size=8 GB|SSD Capacity=256 GB,IF_75F84DA7,,False
,,,,,,260.25,,10.0,Variation,Operating System=Windows 11 Pro|RAM Size=32 GB|SSD Capacity=500 GB|Accessories=NONE,IF_763B954B,,False
,,,,,,249.99,,0.0,Variation,RAM Size=16 GB|Hard Drive Capacity=1TB|Operating System=Windows 11 Pro,IF_78134AC6,,False
,,,,,,284.25,,0.0,Variation,RAM Size=32 GB|Storage=256GB SSD,IF_7B0BF5BF,,False
,,,,,,,,,,,IF_80A06F63,66.0,False
,,,,,,305.25,,0.0,Variation,RAM Size=16 GB|Storage=1TB SSD,IF_822677B1,,False
,,,,,,250.25,,10.0,Variation,Operating System=Windows 10 Pro|RAM Size=8 GB|SSD Capacity=1 TB|Accessories=NONE,IF_831EA48D,,False
,,,,,,,,,,,IF_84587549,57.5,False
,,,,,,345.25,,0.0,Variation,RAM Size=32 GB|Storage=1TB SSD,IF_86816C12,,False
,,,,,,260.25,,10.0,Variation,Operating System=Windows 10 Pro|RAM Size=32 GB|SSD Capacity=500 GB|Accessories=NONE,IF_875B654F,,False
,,,,,,202.25,,10.0,Variation,Operating System=Windows 11 Pro|RAM Size=16 GB|SSD Capacity=250 GB|Accessories=RGB Keyboard & Mouse,IF_876C4E10,,False
,,,,,,179.99,,0.0,Variation,RAM Size=8 GB|Hard Drive Capacity=1TB|Operating System=Windows 11 Pro,IF_87E348FD,,False
,,,,,,181.99,,3.0,Variation,RAM Size=32 GB|Hard Drive Capacity=512|Operating System=Windows 11 Pro,IF_87EC1165,,False
,,,,,,265.25,,0.0,Variation,RAM Size=16 GB|Storage=512GB SSD,IF_8810919F,,False
,,,,,,208.99,,0.0,Variation,RAM Size=16 GB|Hard Drive Capacity=256 GB|Operating System=Windows 11 Pro,IF_886732F0,,False
,,,,,,230.25,,10.0,Variation,Operating System=Windows 11 Pro|RAM Size=32 GB|SSD Capacity=128 GB,IF_888ED41F,69.5,False
,,,,,,206.25,,10.0,Variation,Operating System=Windows 10 Pro|RAM Size=32 GB|SSD Capacity=250 GB|Accessories=NONE,IF_892FB662,,False
,,,,,,235.25,,10.0,Variation,RAM Size=8 GB|Hard Drive Capacity=1TB|Operating System=Windows 11 Pro,IF_8B22FEF6,,False
,,,,,,186.25,,10.0,Variation,Operating System=Windows 10 Pro|RAM Size=32 GB|SSD Capacity=128 GB|Accessories=RGB Keyboard & Mouse,IF_8BE08C08,,False
,,,,,,298.25,,3.0,Variation,RAM Size=32 GB|SSD Capacity=512 GB,IF_8EEE294C,,False
,,,,,,144.25,,10.0,Variation,Operating System=Windows 11 Pro|RAM Size=8 GB|SSD Capacity=128 GB|Accessories=NONE,IF_8F7BC5BA,,False
,,,,,,174.99,,0.0,Variation,RAM Size=8 GB|Hard Drive Capacity=1TB|Operating System=Windows 10 Pro,IF_95A4515A,,False
,,,,,,239.99,,0.0,Variation,RAM Size=16 GB|Hard Drive Capacity=512 GB|Operating System=Windows 11 Pro,IF_97C44C93,,False
,,,,,,202.29,,3.0,Variation,RAM Size=32 GB|Hard Drive Capacity=1TB SSD|Operating System=Windows 11 Pro,IF_97D54737,,False
,,,,,,240.25,,10.0,Variation,RAM Size=16|Hard Drive Capacity=512 GB|Operating System=Windows 11 Pro,IF_9A085DCB,,False
,,,,,,235.25,,10.0,Variation,Operating System=Windows 10 Pro|RAM Size=16 GB|SSD Capacity=500 GB|Accessories=RGB Keyboard & Mouse,IF_9B2B1DA3,,False
,,,,,,297.99,,0.0,Variation,RAM Size=32 GB|Hard Drive Capacity=512 GB|Operating System=Windows 11 Pro,IF_9BDB7082,,False
,,,,,,190.25,,10.0,Variation,Operating System=Windows 10 Pro|RAM Size=16 GB|SSD Capacity=250 GB|Accessories=RGB Keyboard & Mouse,IF_9E261AC9,,False
,,,,,,229.99,,0.0,Variation,RAM Size=16 GB|Hard Drive Capacity=512 GB|Operating System=Windows 10 Pro,IF_A0EDE828,,False
,,,,,,175.25,,10.0,Variation,Operating System=Windows 10 Pro|RAM Size=8 GB|SSD Capacity=250 GB|Accessories=RGB Keyboard & Mouse,IF_A486D436,,False
,,,,,,270.25,,10.0,Variation,Operating System=Windows 10 Pro|RAM Size=32 GB|SSD Capacity=500 GB|Accessories=RGB Keyboard & Mouse,IF_A6CD9766,,False
,,,,,,216.25,,10.0,Variation,Operating System=Windows 11 Pro|RAM Size=32 GB|SSD Capacity=250 GB|Accessories=NONE,IF_A9393636,,False
,,,,,,328.25,,3.0,Variation,RAM Size=32 GB|SSD Capacity=1 TB,IF_A944E05D,,False
,,,,,,219.25,,10.0,Variation,Operating System=Windows 10 Pro|RAM Size=32 GB|SSD Capacity=250 GB|Accessories=RGB Keyboard & Mouse,IF_AABB427E,,False
,,,,,,275.25,,10.0,Variation,Operating System=Windows 10 Pro|RAM Size=32 GB|SSD Capacity=512 GB,IF_ADB2936B,,False
,,,,,,,,,,,IF_AE708265,10.5,False
,,,,,,278.25,,3.0,Variation,RAM Size=16 GB|SSD Capacity=1 TB,IF_B144F287,,False
,,,,,,254.25,,10.0,Variation,Operating System=Windows 11 Pro|RAM Size=16 GB|SSD Capacity=512 GB,IF_B4663C6D,,False
,,,,,,125.25,,8.0,Variation,Operating System=Windows 10 Pro|RAM Size=8 GB|SSD Capacity=128 GB,IF_BA123A19,46.5,False
,,,,,,260.25,,10.0,Variation,Operating System=Windows 10 Pro|RAM Size=8 GB|SSD Capacity=1 TB|Accessories=RGB Keyboard & Mouse,IF_BA93A82F,,False
,,,,,,,,,,,IF_BC162B16,81.5,False
,,,,,,132.25,,10.0,Variation,RAM Size=8 GB|Hard Drive Capacity=256 GB|Operating System=Windows 10 Pro,IF_BD6C5C90,,False
,,,,,,265.25,,0.0,Variation,RAM Size=8 GB|Storage=1TB SSD,IF_BD6D5B7E,,False
,,,,,,279.25,,10.0,Variation,Operating System=Windows 11 Pro|RAM Size=16 GB|SSD Capacity=1 TB,IF_C07308D3,,False
,,,,,,267.25,,10.0,Variation,Operating System=Windows 10 Pro|RAM Size=16 GB|SSD Capacity=1 TB|Accessories=NONE,IF_C18E8812,,False
,,,,,,285.99,,0.0,Variation,RAM Size=32 GB|Hard Drive Capacity=256 GB|Operating System=Windows 10 Pro,IF_C25CCCD7,,False
,,,,,,216.25,,10.0,Variation,Operating System=Windows 11 Pro|RAM Size=8 GB|SSD Capacity=500 GB|Accessories=NONE,IF_C3D51335,,False
,,,,,,165.25,,10.0,Variation,Operating System=Windows 10 Pro|RAM Size=8 GB|SSD Capacity=250 GB|Accessories=NONE,IF_C60238F9,,False
,,,,,,244.25,,10.0,Variation,Operating System=Windows 11 Pro|RAM Size=16 GB|SSD Capacity=256 GB,IF_C7221F61,,False
,,,,,,205.25,,10.0,Variation,RAM Size=16|Hard Drive Capacity=256 GB|Operating System=Windows 11 Pro,IF_CAA95856,,False
,,,,,,294.99,,0.0,Variation,RAM Size=32 GB|Hard Drive Capacity=512 GB|Operating System=Windows 10 Pro,IF_CB715290,,False
,,,,,,,,,,,IF_CE33305F,58.0,False
,,,,,,128.25,,10.0,Variation,Operating System=Windows 10 Pro|RAM Size=8 GB|SSD Capacity=128 GB|Accessories=NONE,IF_CF735A48,,False
,,,,,,160.25,,10.0,Variation,Operating System=Windows 10 Pro|RAM Size=16 GB|SSD Capacity=128 GB|Accessories=RGB Keyboard & Mouse,IF_CF81E465,,False
,,,,,,185.25,,0.0,Variation,RAM Size=8 GB|Storage=256GB SSD,IF_D07C238A,,False
,,,,,,303.25,,10.0,Variation,Operating System=Windows 11 Pro|RAM Size=32 GB|SSD Capacity=1 TB|Accessories=NONE,IF_D0C8631C,,False
,,,,,,198.25,,3.0,Variation,RAM Size=16 GB|SSD Capacity=256 GB,IF_D1A1779C,,False
,,,,,,138.25,,10.0,Variation,Operating System=Windows 10 Pro|RAM Size=8 GB|SSD Capacity=128 GB|Accessories=RGB Keyboard & Mouse,IF_D646ABAC,,False
,,,,,,310.25,,10.0,Variation,Operating System=Windows 10 Pro|RAM Size=32 GB|SSD Capacity=1 TB,IF_D9A3DC42,,False
,,,,,,225.25,,0.0,Variation,RAM Size=8 GB|Storage=512GB SSD,IF_DAA66A92,,False
,,,,,,226.25,,10.0,Variation,Operating System=Windows 11 Pro|RAM Size=32 GB|SSD Capacity=250 GB|Accessories=RGB Keyboard & Mouse,IF_DAD8B0DD,,False
,,,,,,,,,,,IF_DD1CDD4E,56.0,False
,,,,,,160.25,,10.0,Variation,Operating System=Windows 11 Pro|RAM Size=16 GB|SSD Capacity=128 GB|Accessories=NONE,IF_DDCF295B,,False
,,,,,,303.25,,10.0,Variation,Operating System=Windows 10 Pro|RAM Size=32 GB|SSD Capacity=1 TB|Accessories=RGB Keyboard & Mouse,IF_E1299351,,False
,,,,,,104.99,,3.0,Variation,RAM Size=8 GB|Hard Drive Capacity=256|Operating System=Windows 11 Pro,IF_E33FC70B,,False
,,,,,,,,,,,IF_E3B10D9A,46.5,False
,,,,,,157.99,,0.0,Variation,RAM Size=8 GB|Hard Drive Capacity=256 GB|Operating System=Windows 10 Pro,IF_E47DD569,,False
,,,,,,299.99,,0.0,Variation,RAM Size=32 GB|Hard Drive Capacity=1TB|Operating System=Windows 10 Pro,IF_E99656B9,,False
,,,,,,195.25,,10.0,Variation,Operating System=Windows 10 Pro|RAM Size=8 GB|SSD Capacity=512 GB,IF_E9A2D6A7,,False
,,,,,,198.25,,3.0,Variation,RAM Size=8 GB|SSD Capacity=512 GB,IF_ED0E1BA5,,False
,,,,,,,,,,,IF_EE1C3267,66.0,False
,,,,,,278.25,,3.0,Variation,RAM Size=32 GB|SSD Capacity=256 GB,IF_EE43107B,,False
,,,,,,129.49,,3.0,Variation,RAM Size=16 GB|Hard Drive Capacity=256|Operating System=Windows 11 Pro,IF_EE81AD7A,,False
,,,,,,305.25,,0.0,Variation,RAM Size=32 GB|Storage=512GB SSD,IF_F06743C0,,False
,,,,,,187.25,,10.0,Variation,Operating System=Windows 11 Pro|RAM Size=32 GB|SSD Capacity=128 GB|Accessories=NONE,IF_F56FA9A9,,False
,,,,,,180.25,,10.0,Variation,Operating System=Windows 10 Pro|RAM Size=16 GB|SSD Capacity=250 GB|Accessories=NONE,IF_F711064B,,False
,,,,,,234.25,,10.0,Variation,Operating System=Windows 11 Pro|RAM Size=16 GB|SSD Capacity=500 GB|Accessories=NONE,IF_FA231D2B,,False
,,,,,,269.25,,10.0,Variation,Operating System=Windows 11 Pro|RAM Size=8 GB|SSD Capacity=1 TB|Accessories=RGB Keyboard & Mouse,IF_FDC9D546,,False
,,,,,,265.25,,10.0,Variation,Operating System=Windows 11 Pro|RAM Size=32 GB|SSD Capacity=256 GB,IF_FF4ED4F8,,False
,,,,,,208.25,,3.0,Variation,RAM Size=8 GB|SSD Capacity=1 TB,IF_FF7B1603,,False
,,,,,,175.25,,10.0,Variation,Operating System=Windows 11 Pro|RAM Size=8 GB|SSD Capacity=250 GB|Accessories=NONE,IF_FFEA9BC5,,False
Revise,PC Desktops & All-In-Ones (179),396840294062.0,"DELL Desktop Computer PC i7,up to 32GB RAM,1TB m.2 SSD, Windows 10/11, WiFi",US,USD,,,,,Operating System=Windows 11 Pro;Windows 10 Pro|RAM Size=8 GB;16 GB;32 GB|SSD Capacity=128 GB;250 GB;500 GB;1 TB|Accessories=NONE;RGB Keyboard & Mouse,J8T-P82-FEB,74.5,False
,,,,,,141.25,,10.0,Variation,Operating System=Windows 11 Pro|RAM Size=8 GB|SSD Capacity=128 GB|Accessories=NONE,J8T-P82-FEB,74.5,False
,,,,,,150.25,,10.0,Variation,Operating System=Windows 11 Pro|RAM Size=8 GB|SSD Capacity=128 GB|Accessories=RGB Keyboard & Mouse,J8T-P82-FEB-1,,False
,,,,,,189.25,,10.0,Variation,Operating System=Windows 11 Pro|RAM Size=16 GB|SSD Capacity=250 GB|Accessories=NONE,J8T-P82-FEB-10,93.5,False
,,,,,,199.25,,10.0,Variation,Operating System=Windows 11 Pro|RAM Size=16 GB|SSD Capacity=250 GB|Accessories=RGB Keyboard & Mouse,J8T-P82-FEB-11,106.5,False
,,,,,,231.25,,10.0,Variation,Operating System=Windows 11 Pro|RAM Size=16 GB|SSD Capacity=500 GB|Accessories=NONE,J8T-P82-FEB-12,116.5,False
,,,,,,241.25,,10.0,Variation,Operating System=Windows 11 Pro|RAM Size=16 GB|SSD Capacity=500 GB|Accessories=RGB Keyboard & Mouse,J8T-P82-FEB-13,116.5,False
,,,,,,272.25,,10.0,Variation,Operating System=Windows 11 Pro|RAM Size=16 GB|SSD Capacity=1 TB|Accessories=NONE,J8T-P82-FEB-14,,False
,,,,,,282.25,,10.0,Variation,Operating System=Windows 11 Pro|RAM Size=16 GB|SSD Capacity=1 TB|Accessories=RGB Keyboard & Mouse,J8T-P82-FEB-15,,False
,,,,,,184.25,,10.0,Variation,Operating System=Windows 11 Pro|RAM Size=32 GB|SSD Capacity=128 GB|Accessories=NONE,J8T-P82-FEB-16,98.5,False
,,,,,,194.25,,10.0,Variation,Operating System=Windows 11 Pro|RAM Size=32 GB|SSD Capacity=128 GB|Accessories=RGB Keyboard & Mouse,J8T-P82-FEB-17,,False
,,,,,,213.25,,9.0,Variation,Operating System=Windows 11 Pro|RAM Size=32 GB|SSD Capacity=250 GB|Accessories=NONE,J8T-P82-FEB-18,109.5,False
,,,,,,223.25,,10.0,Variation,Operating System=Windows 11 Pro|RAM Size=32 GB|SSD Capacity=250 GB|Accessories=RGB Keyboard & Mouse,J8T-P82-FEB-19,122.5,False
,,,,,,172.25,,10.0,Variation,Operating System=Windows 11 Pro|RAM Size=8 GB|SSD Capacity=250 GB|Accessories=NONE,J8T-P82-FEB-2,62.5,False
,,,,,,257.25,,10.0,Variation,Operating System=Windows 11 Pro|RAM Size=32 GB|SSD Capacity=500 GB|Accessories=NONE,J8T-P82-FEB-20,119.5,False
,,,,,,267.25,,10.0,Variation,Operating System=Windows 11 Pro|RAM Size=32 GB|SSD Capacity=500 GB|Accessories=RGB Keyboard & Mouse,J8T-P82-FEB-21,,False
,,,,,,300.25,,10.0,Variation,Operating System=Windows 11 Pro|RAM Size=32 GB|SSD Capacity=1 TB|Accessories=NONE,J8T-P82-FEB-22,139.5,False
,,,,,,310.25,,9.0,Variation,Operating System=Windows 11 Pro|RAM Size=32 GB|SSD Capacity=1 TB|Accessories=RGB Keyboard & Mouse,J8T-P82-FEB-23,152.5,False
,,,,,,125.25,,10.0,Variation,Operating System=Windows 10 Pro|RAM Size=8 GB|SSD Capacity=128 GB|Accessories=NONE,J8T-P82-FEB-24,,False
,,,,,,135.25,,10.0,Variation,Operating System=Windows 10 Pro|RAM Size=8 GB|SSD Capacity=128 GB|Accessories=RGB Keyboard & Mouse,J8T-P82-FEB-25,,False
,,,,,,162.25,,10.0,Variation,Operating System=Windows 10 Pro|RAM Size=8 GB|SSD Capacity=250 GB|Accessories=NONE,J8T-P82-FEB-26,,False
,,,,,,172.25,,10.0,Variation,Operating System=Windows 10 Pro|RAM Size=8 GB|SSD Capacity=250 GB|Accessories=RGB Keyboard & Mouse,J8T-P82-FEB-27,,False
,,,,,,204.25,,10.0,Variation,Operating System=Windows 10 Pro|RAM Size=8 GB|SSD Capacity=500 GB|Accessories=NONE,J8T-P82-FEB-28,,False
,,,,,,214.25,,10.0,Variation,Operating System=Windows 10 Pro|RAM Size=8 GB|SSD Capacity=500 GB|Accessories=RGB Keyboard & Mouse,J8T-P82-FEB-29,,False
,,,,,,182.25,,10.0,Variation,Operating System=Windows 11 Pro|RAM Size=8 GB|SSD Capacity=250 GB|Accessories=RGB Keyboard & Mouse,J8T-P82-FEB-3,,False
,,,,,,247.25,,10.0,Variation,Operating System=Windows 10 Pro|RAM Size=8 GB|SSD Capacity=1 TB|Accessories=NONE,J8T-P82-FEB-30,,False
,,,,,,257.25,,10.0,Variation,Operating System=Windows 10 Pro|RAM Size=8 GB|SSD Capacity=1 TB|Accessories=RGB Keyboard & Mouse,J8T-P82-FEB-31,,False
,,,,,,147.25,,9.0,Variation,Operating System=Windows 10 Pro|RAM Size=16 GB|SSD Capacity=128 GB|Accessories=NONE,J8T-P82-FEB-32,82.5,False
,,,,,,157.25,,10.0,Variation,Operating System=Windows 10 Pro|RAM Size=16 GB|SSD Capacity=128 GB|Accessories=RGB Keyboard & Mouse,J8T-P82-FEB-33,,False
,,,,,,177.25,,10.0,Variation,Operating System=Windows 10 Pro|RAM Size=16 GB|SSD Capacity=250 GB|Accessories=NONE,J8T-P82-FEB-34,89.5,False
,,,,,,187.25,,10.0,Variation,Operating System=Windows 10 Pro|RAM Size=16 GB|SSD Capacity=250 GB|Accessories=RGB Keyboard & Mouse,J8T-P82-FEB-35,99.5,False
,,,,,,220.25,,10.0,Variation,Operating System=Windows 10 Pro|RAM Size=16 GB|SSD Capacity=500 GB|Accessories=NONE,J8T-P82-FEB-36,,False
,,,,,,232.25,,10.0,Variation,Operating System=Windows 10 Pro|RAM Size=16 GB|SSD Capacity=500 GB|Accessories=RGB Keyboard & Mouse,J8T-P82-FEB-37,,False
,,,,,,264.25,,10.0,Variation,Operating System=Windows 10 Pro|RAM Size=16 GB|SSD Capacity=1 TB|Accessories=NONE,J8T-P82-FEB-38,,False
,,,,,,274.25,,10.0,Variation,Operating System=Windows 10 Pro|RAM Size=16 GB|SSD Capacity=1 TB|Accessories=RGB Keyboard & Mouse,J8T-P82-FEB-39,137.5,False
,,,,,,213.25,,10.0,Variation,Operating System=Windows 11 Pro|RAM Size=8 GB|SSD Capacity=500 GB|Accessories=NONE,J8T-P82-FEB-4,,False
,,,,,,172.25,,10.0,Variation,Operating System=Windows 10 Pro|RAM Size=32 GB|SSD Capacity=128 GB|Accessories=NONE,J8T-P82-FEB-40,,False
,,,,,,183.25,,10.0,Variation,Operating System=Windows 10 Pro|RAM Size=32 GB|SSD Capacity=128 GB|Accessories=RGB Keyboard & Mouse,J8T-P82-FEB-41,,False
,,,,,,203.25,,10.0,Variation,Operating System=Windows 10 Pro|RAM Size=32 GB|SSD Capacity=250 GB|Accessories=NONE,J8T-P82-FEB-42,,False
,,,,,,216.25,,10.0,Variation,Operating System=Windows 10 Pro|RAM Size=32 GB|SSD Capacity=250 GB|Accessories=RGB Keyboard & Mouse,J8T-P82-FEB-43,,False
,,,,,,257.25,,10.0,Variation,Operating System=Windows 10 Pro|RAM Size=32 GB|SSD Capacity=500 GB|Accessories=NONE,J8T-P82-FEB-44,119.5,False
,,,,,,267.25,,10.0,Variation,Operating System=Windows 10 Pro|RAM Size=32 GB|SSD Capacity=500 GB|Accessories=RGB Keyboard & Mouse,J8T-P82-FEB-45,,False
,,,,,,289.25,,10.0,Variation,Operating System=Windows 10 Pro|RAM Size=32 GB|SSD Capacity=1 TB|Accessories=NONE,J8T-P82-FEB-46,139.5,False
,,,,,,300.25,,10.0,Variation,Operating System=Windows 10 Pro|RAM Size=32 GB|SSD Capacity=1 TB|Accessories=RGB Keyboard & Mouse,J8T-P82-FEB-47,152.5,False
,,,,,,222.25,,10.0,Variation,Operating System=Windows 11 Pro|RAM Size=8 GB|SSD Capacity=500 GB|Accessories=RGB Keyboard & Mouse,J8T-P82-FEB-5,,False
,,,,,,255.25,,10.0,Variation,Operating System=Windows 11 Pro|RAM Size=8 GB|SSD Capacity=1 TB|Accessories=NONE,J8T-P82-FEB-6,,False
,,,,,,266.25,,10.0,Variation,Operating System=Windows 11 Pro|RAM Size=8 GB|SSD Capacity=1 TB|Accessories=RGB Keyboard & Mouse,J8T-P82-FEB-7,,False
,,,,,,157.25,,10.0,Variation,Operating System=Windows 11 Pro|RAM Size=16 GB|SSD Capacity=128 GB|Accessories=NONE,J8T-P82-FEB-8,,False
,,,,,,167.25,,10.0,Variation,Operating System=Windows 11 Pro|RAM Size=16 GB|SSD Capacity=128 GB|Accessories=RGB Keyboard & Mouse,J8T-P82-FEB-9,95.5,False
Revise,Barcode Scanners (46706),396998982702.0,Alacrity Upgraded 2D Industrial Barcode Scanner w/Wireless Charging Stand Orange,US,USD,48.99,,2.0,,,LET-09A-XAY,,False
,,,,,,162.25,,10.0,Variation,Operating System=Windows 10 Pro|RAM Size=8 GB|SSD Capacity=256 GB|Accessories=NONE,NG72-LZ0-CPEW5,,False
Revise,PC Desktops & All-In-Ones (179),396983853237.0,Lenovo ThinkCentre M710q tiny i5-7500T 2.7ghz 16GB RAM 256GB SSD Windows 11,US,USD,150.0,,0.0,,,NG72-LZ0-CPEW5,,False
,,,,,,165.75,,10.0,Variation,Operating System=Windows 10 Pro|RAM Size=8 GB|SSD Capacity=256 GB|Accessories=HDMI Cable,NG72-LZ0-CPEW5-1,,False
,,,,,,196.25,,10.0,Variation,Operating System=Windows 10 Pro|RAM Size=16 GB|SSD Capacity=256 GB|Accessories=HDMI Cable,NG72-LZ0-CPEW5-10,,False
,,,,,,202.25,,10.0,Variation,Operating System=Windows 10 Pro|RAM Size=16 GB|SSD Capacity=256 GB|Accessories=Keyboard & Mouse,NG72-LZ0-CPEW5-11,,False
,,,,,,191.56,,10.0,Variation,Operating System=Windows 10 Pro|RAM Size=16 GB|SSD Capacity=512 GB|Accessories=NONE,NG72-LZ0-CPEW5-12,,False
,,,,,,205.75,,10.0,Variation,Operating System=Windows 10 Pro|RAM Size=16 GB|SSD Capacity=512 GB|Accessories=HDMI Cable,NG72-LZ0-CPEW5-13,,False
,,,,,,253.25,,10.0,Variation,Operating System=Windows 10 Pro|RAM Size=16 GB|SSD Capacity=512 GB|Accessories=Keyboard & Mouse,NG72-LZ0-CPEW5-14,,False
,,,,,,239.25,,10.0,Variation,Operating System=Windows 10 Pro|RAM Size=16 GB|SSD Capacity=1 TB|Accessories=NONE,NG72-LZ0-CPEW5-15,,False
,,,,,,247.75,,10.0,Variation,Operating System=Windows 10 Pro|RAM Size=16 GB|SSD Capacity=1 TB|Accessories=HDMI Cable,NG72-LZ0-CPEW5-16,,False
,,,,,,253.25,,10.0,Variation,Operating System=Windows 10 Pro|RAM Size=16 GB|SSD Capacity=1 TB|Accessories=Keyboard & Mouse,NG72-LZ0-CPEW5-17,,False
,,,,,,200.75,,10.0,Variation,Operating System=Windows 10 Pro|RAM Size=32 GB|SSD Capacity=256 GB|Accessories=NONE,NG72-LZ0-CPEW5-18,,False
,,,,,,205.45,,10.0,Variation,Operating System=Windows 10 Pro|RAM Size=32 GB|SSD Capacity=256 GB|Accessories=HDMI Cable,NG72-LZ0-CPEW5-19,,False
,,,,,,171.25,,10.0,Variation,Operating System=Windows 10 Pro|RAM Size=8 GB|SSD Capacity=256 GB|Accessories=Keyboard & Mouse,NG72-LZ0-CPEW5-2,,False
,,,,,,210.75,,10.0,Variation,Operating System=Windows 10 Pro|RAM Size=32 GB|SSD Capacity=256 GB|Accessories=Keyboard & Mouse,NG72-LZ0-CPEW5-20,,False
,,,,,,242.75,,10.0,Variation,Operating System=Windows 10 Pro|RAM Size=32 GB|SSD Capacity=512 GB|Accessories=NONE,NG72-LZ0-CPEW5-21,,False
,,,,,,248.45,,10.0,Variation,Operating System=Windows 10 Pro|RAM Size=32 GB|SSD Capacity=512 GB|Accessories=HDMI Cable,NG72-LZ0-CPEW5-22,,False
,,,,,,252.75,,10.0,Variation,Operating System=Windows 10 Pro|RAM Size=32 GB|SSD Capacity=512 GB|Accessories=Keyboard & Mouse,NG72-LZ0-CPEW5-23,,False
,,,,,,287.75,,10.0,Variation,Operating System=Windows 10 Pro|RAM Size=32 GB|SSD Capacity=1 TB|Accessories=NONE,NG72-LZ0-CPEW5-24,,False
,,,,,,294.75,,10.0,Variation,Operating System=Windows 10 Pro|RAM Size=32 GB|SSD Capacity=1 TB|Accessories=HDMI Cable,NG72-LZ0-CPEW5-25,,False
,,,,,,298.75,,10.0,Variation,Operating System=Windows 10 Pro|RAM Size=32 GB|SSD Capacity=1 TB|Accessories=Keyboard & Mouse,NG72-LZ0-CPEW5-26,,False
,,,,,,174.45,,10.0,Variation,Operating System=Windows 11 Pro|RAM Size=8 GB|SSD Capacity=256 GB|Accessories=NONE,NG72-LZ0-CPEW5-27,,False
,,,,,,178.75,,10.0,Variation,Operating System=Windows 11 Pro|RAM Size=8 GB|SSD Capacity=256 GB|Accessories=HDMI Cable,NG72-LZ0-CPEW5-28,,False
,,,,,,184.75,,10.0,Variation,Operating System=Windows 11 Pro|RAM Size=8 GB|SSD Capacity=256 GB|Accessories=Keyboard & Mouse,NG72-LZ0-CPEW5-29,,False
,,,,,,183.0,,10.0,Variation,Operating System=Windows 10 Pro|RAM Size=8 GB|SSD Capacity=512 GB|Accessories=NONE,NG72-LZ0-CPEW5-3,,False
,,,,,,194.75,,10.0,Variation,Operating System=Windows 11 Pro|RAM Size=8 GB|SSD Capacity=512 GB|Accessories=NONE,NG72-LZ0-CPEW5-30,,False
,,,,,,202.25,,10.0,Variation,Operating System=Windows 11 Pro|RAM Size=8 GB|SSD Capacity=512 GB|Accessories=HDMI Cable,NG72-LZ0-CPEW5-31,,False
,,,,,,207.25,,10.0,Variation,Operating System=Windows 11 Pro|RAM Size=8 GB|SSD Capacity=512 GB|Accessories=Keyboard & Mouse,NG72-LZ0-CPEW5-32,,False
,,,,,,225.45,,10.0,Variation,Operating System=Windows 11 Pro|RAM Size=8 GB|SSD Capacity=1 TB|Accessories=NONE,NG72-LZ0-CPEW5-33,,False
,,,,,,235.75,,10.0,Variation,Operating System=Windows 11 Pro|RAM Size=8 GB|SSD Capacity=1 TB|Accessories=HDMI Cable,NG72-LZ0-CPEW5-34,,False
,,,,,,241.55,,10.0,Variation,Operating System=Windows 11 Pro|RAM Size=8 GB|SSD Capacity=1 TB|Accessories=Keyboard & Mouse,NG72-LZ0-CPEW5-35,,False
,,,,,,187.75,,10.0,Variation,Operating System=Windows 11 Pro|RAM Size=16 GB|SSD Capacity=256 GB|Accessories=NONE,NG72-LZ0-CPEW5-36,,False
,,,,,,194.75,,10.0,Variation,Operating System=Windows 11 Pro|RAM Size=16 GB|SSD Capacity=256 GB|Accessories=HDMI Cable,NG72-LZ0-CPEW5-37,,False
,,,,,,197.75,,10.0,Variation,Operating System=Windows 11 Pro|RAM Size=16 GB|SSD Capacity=256 GB|Accessories=Keyboard & Mouse,NG72-LZ0-CPEW5-38,,False
,,,,,,202.55,,10.0,Variation,Operating System=Windows 11 Pro|RAM Size=16 GB|SSD Capacity=512 GB|Accessories=NONE,NG72-LZ0-CPEW5-39,,False
,,,,,,196.75,,10.0,Variation,Operating System=Windows 10 Pro|RAM Size=8 GB|SSD Capacity=512 GB|Accessories=HDMI Cable,NG72-LZ0-CPEW5-4,,False
,,,,,,211.55,,10.0,Variation,Operating System=Windows 11 Pro|RAM Size=16 GB|SSD Capacity=512 GB|Accessories=HDMI Cable,NG72-LZ0-CPEW5-40,,False
,,,,,,220.55,,10.0,Variation,Operating System=Windows 11 Pro|RAM Size=16 GB|SSD Capacity=512 GB|Accessories=Keyboard & Mouse,NG72-LZ0-CPEW5-41,,False
,,,,,,245.75,,10.0,Variation,Operating System=Windows 11 Pro|RAM Size=16 GB|SSD Capacity=1 TB|Accessories=NONE,NG72-LZ0-CPEW5-42,,False
,,,,,,254.45,,10.0,Variation,Operating System=Windows 11 Pro|RAM Size=16 GB|SSD Capacity=1 TB|Accessories=HDMI Cable,NG72-LZ0-CPEW5-43,,False
,,,,,,262.45,,10.0,Variation,Operating System=Windows 11 Pro|RAM Size=16 GB|SSD Capacity=1 TB|Accessories=Keyboard & Mouse,NG72-LZ0-CPEW5-44,,False
,,,,,,212.25,,10.0,Variation,Operating System=Windows 11 Pro|RAM Size=32 GB|SSD Capacity=256 GB|Accessories=NONE,NG72-LZ0-CPEW5-45,,False
,,,,,,222.25,,10.0,Variation,Operating System=Windows 11 Pro|RAM Size=32 GB|SSD Capacity=256 GB|Accessories=HDMI Cable,NG72-LZ0-CPEW5-46,,False
,,,,,,227.25,,10.0,Variation,Operating System=Windows 11 Pro|RAM Size=32 GB|SSD Capacity=256 GB|Accessories=Keyboard & Mouse,NG72-LZ0-CPEW5-47,,False
,,,,,,258.75,,10.0,Variation,Operating System=Windows 11 Pro|RAM Size=32 GB|SSD Capacity=512 GB|Accessories=NONE,NG72-LZ0-CPEW5-48,,False
,,,,,,265.45,,10.0,Variation,Operating System=Windows 11 Pro|RAM Size=32 GB|SSD Capacity=512 GB|Accessories=HDMI Cable,NG72-LZ0-CPEW5-49,,False
,,,,,,199.25,,10.0,Variation,Operating System=Windows 10 Pro|RAM Size=8 GB|SSD Capacity=512 GB|Accessories=Keyboard & Mouse,NG72-LZ0-CPEW5-5,,False
,,,,,,268.75,,10.0,Variation,Operating System=Windows 11 Pro|RAM Size=32 GB|SSD Capacity=512 GB|Accessories=Keyboard & Mouse,NG72-LZ0-CPEW5-50,,False
,,,,,,298.45,,10.0,Variation,Operating System=Windows 11 Pro|RAM Size=32 GB|SSD Capacity=1 TB|Accessories=NONE,NG72-LZ0-CPEW5-51,,False
,,,,,,306.55,,10.0,Variation,Operating System=Windows 11 Pro|RAM Size=32 GB|SSD Capacity=1 TB|Accessories=HDMI Cable,NG72-LZ0-CPEW5-52,,False
,,,,,,308.45,,10.0,Variation,Operating System=Windows 11 Pro|RAM Size=32 GB|SSD Capacity=1 TB|Accessories=Keyboard & Mouse,NG72-LZ0-CPEW5-53,,False
,,,,,,217.15,,10.0,Variation,Operating System=Windows 10 Pro|RAM Size=8 GB|SSD Capacity=1 TB|Accessories=NONE,NG72-LZ0-CPEW5-6,,False
,,,,,,230.75,,10.0,Variation,Operating System=Windows 10 Pro|RAM Size=8 GB|SSD Capacity=1 TB|Accessories=HDMI Cable,NG72-LZ0-CPEW5-7,,False
,,,,,,236.15,,10.0,Variation,Operating System=Windows 10 Pro|RAM Size=8 GB|SSD Capacity=1 TB|Accessories=Keyboard & Mouse,NG72-LZ0-CPEW5-8,,False
,,,,,,178.25,,10.0,Variation,Operating System=Windows 10 Pro|RAM Size=16 GB|SSD Capacity=256 GB|Accessories=NONE,NG72-LZ0-CPEW5-9,,False
,,,,,,280.25,,10.0,Variation,RAM Size=32 GB|Hard Drive Capacity=512 GB|Operating System=Windows 11 Pro,O2E-15E-KAH,,False
,,,,,,245.25,,10.0,Variation,RAM Size=32 GB|Hard Drive Capacity=256 GB|Operating System=Windows 11 Pro,PR5-9KA-919,,False
,,,,,,,,,,,PYR5_In2_16_50_Wi2,34.5,False
,,,,,,,,,,,PYR5_In2_16_51_Wi2,59.5,False
,,,,,,,,,,,PYR5_In2_32_51_Wi2,75.5,False
,,,,,,,,,,,PYR5_In3_16_1 _Wi2,80.5,False
,,,,,,,,,,,PYR5_In3_16_1T_Wi2,45.5,False
,,,,,,,,,,,PYR5_In3_16_25_Wi2,45.5,False
,,,,,,,,,,,PYR5_In3_16_50_Wi2,34.5,False
,,,,,,,,,,,PYR5_In3_16_51_Wi,59.5,False
,,,,,,,,,,,PYR5_In3_16_51_Wi2,59.5,False
,,,,,,,,,,,PYR5_In3_32_1 _Wi,96.5,False
,,,,,,,,,,,PYR5_In3_32_1 _Wi2,95.5,False
,,,,,,,,,,,PYR5_In3_32_1T_Wi2,60.5,False
,,,,,,,,,,,PYR5_In3_32_51_Wi2,75.5,False
,,,,,,,,,,,PYR5_In3_8G_50_Wi2,25.5,False
,,,,,,,,,,,PYR5_In_8G_25_Wi,37.5,False
,,,,,,,,,,,PYR5_In_8G_4T_Wi2,8.5,False
,,,,,,,,,,,PYR5_In_8G_50_Wi,26.5,False
,,,,,,,,,,,PYR5_In_8G_50_Wi2,44.5,False
,,,,,,,,,,,QO3L-BEZ-19L07,69.5,False
Revise,Monitors (80053),396960920288.0,"Dell 22″ Widescreen LCD Monitor – 1680×1050/1080p, Includes Stand & VGA Cable",US,USD,58.53,,10.0,,,QZI-9UU-PUJ,,False
,,,,,,310.25,,10.0,Variation,RAM Size=32 GB|Hard Drive Capacity=1TB|Operating System=Windows 10 Pro,T3E-HA6-EGP,,False
,,,,,,292.25,,10.0,Variation,Operating System=Windows 11|Memory=8GB|Storage=512GB SSD|Accessories=NONE,URH-CNA-DBR-10,,False
,,,,,,342.25,,10.0,Variation,Operating System=Windows 11|Memory=8GB|Storage=1TB SSD|Accessories=NONE,URH-CNA-DBR-12,,False
,,,,,,275.25,,10.0,Variation,Operating System=Windows 11|Memory=16GB|Storage=256GB SSD|Accessories=NONE,URH-CNA-DBR-22,,False
,,,,,,299.25,,10.0,Variation,Operating System=Windows 11|Memory=16GB|Storage=512GB SSD|Accessories=NONE,URH-CNA-DBR-24,,False
,,,,,,367.25,,10.0,Variation,Operating System=Windows 11|Memory=16GB|Storage=1TB SSD|Accessories=NONE,URH-CNA-DBR-26,,False
,,,,,,337.25,,10.0,Variation,Operating System=Windows 11|Memory=32GB|Storage=256GB SSD|Accessories=NONE,URH-CNA-DBR-36,,False
,,,,,,362.25,,10.0,Variation,Operating System=Windows 11|Memory=32GB|Storage=512GB SSD|Accessories=NONE,URH-CNA-DBR-38,,False
,,,,,,417.25,,10.0,Variation,Operating System=Windows 11|Memory=32GB|Storage=1TB SSD|Accessories=NONE,URH-CNA-DBR-40,,False
,,,,,,202.25,,10.0,Variation,Operating System=Windows 10|Memory=8GB|Storage=256GB SSD|Accessories=NONE,URH-CNA-DBR-50,,False
,,,,,,221.25,,10.0,Variation,Operating System=Windows 10|Memory=8GB|Storage=512GB SSD|Accessories=NONE,URH-CNA-DBR-52,,False
,,,,,,262.25,,10.0,Variation,Operating System=Windows 10|Memory=8GB|Storage=1TB SSD|Accessories=NONE,URH-CNA-DBR-54,,False
,,,,,,232.25,,10.0,Variation,Operating System=Windows 10|Memory=16GB|Storage=256GB SSD|Accessories=NONE,URH-CNA-DBR-64,,False
,,,,,,257.25,,10.0,Variation,Operating System=Windows 10|Memory=16GB|Storage=512GB SSD|Accessories=NONE,URH-CNA-DBR-66,,False
,,,,,,322.25,,10.0,Variation,Operating System=Windows 10|Memory=16GB|Storage=1TB SSD|Accessories=NONE,URH-CNA-DBR-68,,False
,,,,,,302.25,,10.0,Variation,Operating System=Windows 10|Memory=32GB|Storage=256GB SSD|Accessories=NONE,URH-CNA-DBR-78,,False
,,,,,,251.25,,10.0,Variation,Operating System=Windows 11|Memory=8GB|Storage=256GB SSD|Accessories=NONE,URH-CNA-DBR-8,,False
,,,,,,323.25,,10.0,Variation,Operating System=Windows 10|Memory=32GB|Storage=512GB SSD|Accessories=NONE,URH-CNA-DBR-80,,False
,,,,,,407.25,,10.0,Variation,Operating System=Windows 10|Memory=32GB|Storage=1TB SSD|Accessories=NONE,URH-CNA-DBR-82,,False
,,,,,,275.25,,10.0,Variation,RAM Size=32 GB|Hard Drive Capacity=512 GB|Operating System=Windows 10 Pro,VKJ-3H8-EZZ,,False
,,,,,,315.25,,10.0,Variation,RAM Size=32 GB|Hard Drive Capacity=1TB|Operating System=Windows 11 Pro,WY1-1FI-Z5F,,False
,,,,,,,,,,,,,False
,,,,,,,,,,,,,False
,,,,,,,,,,,,,False
,,,,,,,,,,,,,False
,,,,,,,,,,,,,False
,,,,,,,,,,,,,False
,,,,,,,,,,,,,False
,,,,,,,,,,,,,False
,,,,,,,,,,,,,False
,,,,,,,,,,,,,False
,,,,,,,,,,,,,False
,,,,,,,,,,,,,False
,,,,,,,,,,,,,False
,,,,,,,,,,,,,False
,,,,,,,,,,,,,False
,,,,,,,,,,,,,False
,,,,,,,,,,,,,False
,,,,,,,,,,,,,False
,,,,,,,,,,,,,False
,,,,,,,,,,,,,False
,,,,,,,,,,,,,False
,,,,,,,,,,,,,False
,,,,,,,,,,,,,False
,,,,,,,,,,,,,False
,,,,,,,,,,,,,False
,,,,,,,,,,,,,False
,,,,,,,,,,,,,False
,,,,,,,,,,,,,False
,,,,,,,,,,,,,False
,,,,,,,,,,,,,False
,,,,,,,,,,,,,False
,,,,,,,,,,,,,False
,,,,,,,,,,,,,False
,,,,,,,,,,,,,False
,,,,,,,,,,,,,False
,,,,,,,,,,,,,False
,,,,,,,,,,,,,False
,,,,,,,,,,,,,False
,,,,,,,,,,,,,False
,,,,,,,,,,,,,False
,,,,,,,,,,,,,False
,,,,,,,,,,,,,False
,,,,,,,,,,,,,False
,,,,,,,,,,,,,False
,,,,,,,,,,,,,False
,,,,,,,,,,,,,False
,,,,,,,,,,,,,False
,,,,,,,,,,,,,False
,,,,,,,,,,,,,False
,,,,,,,,,,,,,False
,,,,,,,,,,,,,False
,,,,,,,,,,,,,False
,,,,,,,,,,,,,False
,,,,,,,,,,,,,False
,,,,,,,,,,,,,False
,,,,,,,,,,,,,False
,,,,,,,,,,,,,False
,,,,,,,,,,,,,False
,,,,,,,,,,,,,False
,,,,,,,,,,,,,False
,,,,,,,,,,,,,False
,,,,,,,,,,,,,False
,,,,,,,,,,,,,False
,,,,,,,,,,,,,False
,,,,,,,,,,,,,False
