#INFO,Version=1.0.0,Template= eBay-active-revise-price-quantity-download_US,,,,,,,,,
Action,Category name,Item number,Title,Listing site,Currency,Start price,Buy It Now price,Available quantity,Relationship,Relationship details,Custom label (SKU)
Revise,"CPUs/Processors (164)","167669551717",Intel Core i3 4th Gen CPU Processor | 3.20GHz | Desktop LGA1150,"US","USD",,,,,Generation=2nd Gen;3rd Gen;4th Gen;6th Gen,4XD-HC8-YC8
,,,,,,"8.25",,"10","Variation",Generation=2nd Gen,4XD-HC8-YC8
,,,,,,"10.25",,"10","Variation",Generation=3rd Gen,4XD-HC8-YC8-1
,,,,,,"14.25",,"10","Variation",Generation=4th Gen,4XD-HC8-YC8-2
,,,,,,"25.25",,"10","Variation",Generation=6th Gen,4XD-HC8-YC8-3
Revise,"CPUs/Processors (164)","167683932813",10th Gen Intel Core i5-10500 CPU 3.1GHz (Turbo 4.5GHz) 6-Core 12M LGA1200 SRH37,"US","USD","106.0",,"2",,,D5B-F8Q-75O
Revise,"CPUs/Processors (164)","167683955270",10th Gen Intel Core i5-10500 CPU 3.3GHz (Turbo 4.8GHz) 6-Core 12M LGA1200 SRH37,"US","USD","109.25",,"2",,,7JJ-H5B-2EN
Revise,"CD, DVD & Blu-ray Drives (131542)","167684293080",LOT 3 Internal Desktop Computer DVDRW Rewritable Sata Drive Burner for Dell HP,"US","USD","20.99",,"10",,,IF_03608CCF-1
Revise,"PC Desktops & All-In-Ones (179)","157235581601",Lenovo ThinkCentre M710q i5-7500T 8GB 240GB SSD DP  WIFI Win 10 Pro,"US","USD","165.92",,"0",,,DUM-7PF-I5E
Revise,"PC Desktops & All-In-Ones (179)","167708508632",Lenovo ThinkCentre M720q Tiny i5 8700T 2.40GHz 8GB RAM 256GB SSD Wi-Fi Win 11,"US","USD","175.45",,"0",,,KXU-Z9X-N6Q
Revise,"PC Desktops & All-In-Ones (179)","167708644816",Dell 7040 Micro Mini Tiny PC i5-6500T Quad 8GB Ram 256GB SSD HDMI/DSP Win11 Pro,"US","USD","192.08",,"0",,,061-RQJ-4TM
Revise,"PC Desktops & All-In-Ones (179)","157235882766",Dell OptiPlex 3050 Tiny Mini Micro PC i5-7500T 8GB RAM 256GB SSD Win11 PRO,"US","USD","78.0",,"0",,,L18-1FD-2IU
Revise,"Monitors (80053)","167716631482","Dell 22″ Widescreen LCD Monitor – 1680×1050/1080p, Includes Stand & VGA Cable","US","USD","99.98",,"10",,,3RO-G77-WMK
Revise,"PC Desktops & All-In-Ones (179)","157260514669","Dell Desktop Tower Computer PC i5, up to 32GB RAM 1TB SSD, Windows 11 or 10 WIFI","US","USD",,,,,RAM Size=8 GB;16 GB;32 GB|Storage=256GB SSD;512GB SSD;1TB SSD|Operating System=Windows 10 Pro;Windows 11 Pro,33834111
,,,,,,"112.2",,"2","Variation",RAM Size=8 GB|Storage=256GB SSD|Operating System=Windows 10 Pro,IF_288CE5A8
,,,,,,"116.2",,"3","Variation",RAM Size=8 GB|Storage=256GB SSD|Operating System=Windows 11 Pro,IF_84587549
,,,,,,"136.2",,"3","Variation",RAM Size=8 GB|Storage=512GB SSD|Operating System=Windows 10 Pro,IF_6F3E6AC4
,,,,,,"140.2",,"3","Variation",RAM Size=8 GB|Storage=512GB SSD|Operating System=Windows 11 Pro,IF_6F58ECAD
,,,,,,"140.2",,"3","Variation",RAM Size=16 GB|Storage=256GB SSD|Operating System=Windows 10 Pro,IF_AC98C8AB
,,,,,,"148.2",,"3","Variation",RAM Size=16 GB|Storage=256GB SSD|Operating System=Windows 11 Pro,IF_80A06F63
,,,,,,"164.2",,"3","Variation",RAM Size=16 GB|Storage=512GB SSD|Operating System=Windows 10 Pro,IF_15BBD94B
,,,,,,"168.2",,"3","Variation",RAM Size=16 GB|Storage=512GB SSD|Operating System=Windows 11 Pro,IF_527A15FF
,,,,,,"182.6",,"3","Variation",RAM Size=32 GB|Storage=256GB SSD|Operating System=Windows 10 Pro,IF_67D65AE5
,,,,,,"188.2",,"3","Variation",RAM Size=32 GB|Storage=256GB SSD|Operating System=Windows 11 Pro,IF_0777984F
,,,,,,"231.4",,"3","Variation",RAM Size=32 GB|Storage=512GB SSD|Operating System=Windows 10 Pro,IF_C388B158
,,,,,,"233.8",,"3","Variation",RAM Size=32 GB|Storage=512GB SSD|Operating System=Windows 11 Pro,IF_4A4E9330
,,,,,,"164.2",,"3","Variation",RAM Size=8 GB|Storage=1TB SSD|Operating System=Windows 10 Pro,C49-LBE-V6B
,,,,,,"168.2",,"3","Variation",RAM Size=8 GB|Storage=1TB SSD|Operating System=Windows 11 Pro,T5Z-6IK-YH2
,,,,,,"200.2",,"3","Variation",RAM Size=16 GB|Storage=1TB SSD|Operating System=Windows 10 Pro,S3S-2DV-NPM
,,,,,,"208.2",,"3","Variation",RAM Size=16 GB|Storage=1TB SSD|Operating System=Windows 11 Pro,TIY-RYB-8EC
,,,,,,"256.2",,"3","Variation",RAM Size=32 GB|Storage=1TB SSD|Operating System=Windows 10 Pro,0Z9-B1F-FWN
,,,,,,"264.2",,"2","Variation",RAM Size=32 GB|Storage=1TB SSD|Operating System=Windows 11 Pro,ID6-SI8-OUM
Revise,"PC Desktops & All-In-Ones (179)","157272888492",Dell OptiPlex MT Core i5 Desktop PC 16GB RAM 265GB SSD DVD Wi-Fi Windows 11,"US","USD","138.24",,"10",,,IF_A57A50C0
Revise,"PC Desktops & All-In-Ones (179)","157275713968",Alacrity Upgraded 2D Industrial Barcode Scanner w/Wireless Charging Stand Orange,"US","USD","48.5",,"1",,,OUEG-Y8W8-5KCVZ
Revise,"PC Desktops & All-In-Ones (179)","157276020925",Dell Optiplex SFF PC Intel i5 8th Gen 16GB 512GB SSD WIN 11 Pro desktop WIFI,"US","USD","218.99",,"0",,,IF_CBB9302A
Revise,"Barcode Scanners (46706)","167749424223",Symcode MJ R30 2D Portable Wireless Bluetooth Finger Ring Barcode Scanner Reader,"US","USD","75.0",,"3",,,IF_553B391C
Revise,"PC Desktops & All-In-Ones (179)","167765610440","Dell OptiPlex SFF Desktop PC Intel Core i5, 16GB RAM, 256GB SSD, Windows 11 Pro","US","USD","218.5",,"10",,,153K-2MBV-TX6OP
Revise,"PC Desktops & All-In-Ones (179)","167765869992",Dell Optiplex Tower Intel Core i5-9th 16Gb 256Gb SSD Windows 11 pro,"US","USD","272.25",,"0",,,94QA-IJFQ-HM54B
Revise,"PC Desktops & All-In-Ones (179)","167770096653","DELL OptiPlex Desktop PC i7,Up to 32GB RAM, 1TB NVME SSD,Windows 11 PRO,Wifi+BT","US","USD",,,,,RAM Size=8 GB;16 GB;32 GB|SSD Capacity=256 GB;512 GB;1 TB,33852307
,,,,,,"134.6",,"3","Variation",RAM Size=8 GB|SSD Capacity=256 GB,IF_2C293D70
,,,,,,"158.6",,"3","Variation",RAM Size=8 GB|SSD Capacity=512 GB,IF_35B5AB01
,,,,,,"166.6",,"3","Variation",RAM Size=8 GB|SSD Capacity=1 TB,IF_CB0471DA
,,,,,,"158.6",,"3","Variation",RAM Size=16 GB|SSD Capacity=256 GB,IF_6688C352
,,,,,,"182.6",,"2","Variation",RAM Size=16 GB|SSD Capacity=512 GB,IF_496FC182
,,,,,,"222.6",,"3","Variation",RAM Size=16 GB|SSD Capacity=1 TB,IF_D927370C
,,,,,,"222.6",,"3","Variation",RAM Size=32 GB|SSD Capacity=256 GB,IF_B2EB56A4
,,,,,,"238.6",,"3","Variation",RAM Size=32 GB|SSD Capacity=512 GB,IF_0E5D9C30
,,,,,,"262.6",,"1","Variation",RAM Size=32 GB|SSD Capacity=1 TB,IF_B6B8757F
Revise,"PC Desktops & All-In-Ones (179)","157298374112","DELL OptiPlex Desktop PC i5,Up to 32GB RAM, 1TB NVME SSD,Windows 11 PRO,Wifi+BT","US","USD",,,,,RAM Size=8 GB;16 GB;32 GB|SSD Capacity=256 GB;512 GB;1 TB,33852309
,,,,,,"112.17",,"10","Variation",RAM Size=8 GB|SSD Capacity=256 GB,IF_4FCBCCE8
,,,,,,"133.17",,"10","Variation",RAM Size=8 GB|SSD Capacity=512 GB,IF_93E14B1B
,,,,,,"140.17",,"3","Variation",RAM Size=8 GB|SSD Capacity=1 TB,IF_4AF8F298
,,,,,,"133.17",,"3","Variation",RAM Size=16 GB|SSD Capacity=256 GB,IF_18D2B485
,,,,,,"154.17",,"2","Variation",RAM Size=16 GB|SSD Capacity=512 GB,IF_9BD04D7F
,,,,,,"189.17",,"3","Variation",RAM Size=16 GB|SSD Capacity=1 TB,IF_9B093AF0
,,,,,,"189.17",,"3","Variation",RAM Size=32 GB|SSD Capacity=256 GB,IF_8FD3811A
,,,,,,"203.17",,"10","Variation",RAM Size=32 GB|SSD Capacity=512 GB,IF_CB24E8F5
,,,,,,"224.17",,"10","Variation",RAM Size=32 GB|SSD Capacity=1 TB,IF_2040DA2A
Revise,"PC Desktops & All-In-Ones (179)","157298843945",Dell OptiPlex SFF Desktop PC Intel i5 | Up to 32GB RAM | 1TB SSD | Win 10/11 Pro,"US","USD",,,,,RAM Size=8 GB;16 GB;32 GB|Hard Drive Capacity=256 GB;512 GB;1TB SSD|Operating System=Windows 10 Pro;Windows 11 Pro,33852731
,,,,,,"162.25",,"3","Variation",RAM Size=8 GB|Hard Drive Capacity=256 GB|Operating System=Windows 10 Pro,IF_515934EF
,,,,,,"165.25",,"3","Variation",RAM Size=8 GB|Hard Drive Capacity=256 GB|Operating System=Windows 11 Pro,IF_978AD2CC
,,,,,,"218.0",,"3","Variation",RAM Size=8 GB|Hard Drive Capacity=512 GB|Operating System=Windows 10 Pro,IF_52B11C4C
,,,,,,"220.99",,"3","Variation",RAM Size=8 GB|Hard Drive Capacity=512 GB|Operating System=Windows 11 Pro,IF_083B52AE
,,,,,,"294.56",,"3","Variation",RAM Size=8 GB|Hard Drive Capacity=1TB SSD|Operating System=Windows 10 Pro,IF_51008F76
,,,,,,"295.5",,"3","Variation",RAM Size=8 GB|Hard Drive Capacity=1TB SSD|Operating System=Windows 11 Pro,IF_76F6E1FC
,,,,,,"215.25",,"3","Variation",RAM Size=16 GB|Hard Drive Capacity=256 GB|Operating System=Windows 10 Pro,IF_CB2445F8
,,,,,,"216.25",,"3","Variation",RAM Size=16 GB|Hard Drive Capacity=256 GB|Operating System=Windows 11 Pro,IF_5C9C9740
,,,,,,"258.54",,"3","Variation",RAM Size=16 GB|Hard Drive Capacity=512 GB|Operating System=Windows 10 Pro,IF_77556958
,,,,,,"260.25",,"3","Variation",RAM Size=16 GB|Hard Drive Capacity=512 GB|Operating System=Windows 11 Pro,IF_CC106749
,,,,,,"348.88",,"3","Variation",RAM Size=16 GB|Hard Drive Capacity=1TB SSD|Operating System=Windows 10 Pro,IF_8EB41472
,,,,,,"352.5",,"3","Variation",RAM Size=16 GB|Hard Drive Capacity=1TB SSD|Operating System=Windows 11 Pro,IF_579686CA
,,,,,,"262.4",,"3","Variation",RAM Size=32 GB|Hard Drive Capacity=256 GB|Operating System=Windows 10 Pro,IF_173CE468
,,,,,,"263.99",,"3","Variation",RAM Size=32 GB|Hard Drive Capacity=256 GB|Operating System=Windows 11 Pro,IF_655E12D1
,,,,,,"310.99",,"3","Variation",RAM Size=32 GB|Hard Drive Capacity=512 GB|Operating System=Windows 10 Pro,IF_F96557E9
,,,,,,"312.5",,"3","Variation",RAM Size=32 GB|Hard Drive Capacity=512 GB|Operating System=Windows 11 Pro,IF_A3112C40
,,,,,,"399.99",,"3","Variation",RAM Size=32 GB|Hard Drive Capacity=1TB SSD|Operating System=Windows 10 Pro,IF_E771B3A5
,,,,,,"417.52",,"3","Variation",RAM Size=32 GB|Hard Drive Capacity=1TB SSD|Operating System=Windows 11 Pro,IF_D71E1C3F
Revise,"PC Desktops & All-In-Ones (179)","157312859594","DELL Desktop Computer PC i5,up to 32GB RAM,1TB m.2 SSD, Windows 10/11, WiFi","US","USD",,,,,Operating System=Windows 11 Pro;Windows 10 Pro|RAM Size=8 GB;16 GB;32 GB|SSD Capacity=128 GB;250 GB;500 GB;1 TB|Accessories=NONE,N5G-IF6-GXB
,,,,,,"115.4",,"10","Variation",Operating System=Windows 11 Pro|RAM Size=8 GB|SSD Capacity=128 GB|Accessories=NONE,IF_E3B10D9A
,,,,,,"140.2",,"10","Variation",Operating System=Windows 11 Pro|RAM Size=8 GB|SSD Capacity=250 GB|Accessories=NONE,IF_D599B172
,,,,,,"173.0",,"10","Variation",Operating System=Windows 11 Pro|RAM Size=8 GB|SSD Capacity=500 GB|Accessories=NONE,IF_E3562A0F
,,,,,,"206.6",,"10","Variation",Operating System=Windows 11 Pro|RAM Size=8 GB|SSD Capacity=1 TB|Accessories=NONE,IF_522BDEDB
,,,,,,"128.2",,"10","Variation",Operating System=Windows 11 Pro|RAM Size=16 GB|SSD Capacity=128 GB|Accessories=NONE,IF_1AA7419F
,,,,,,"153.8",,"10","Variation",Operating System=Windows 11 Pro|RAM Size=16 GB|SSD Capacity=250 GB|Accessories=NONE,IF_BDFA39EF
,,,,,,"187.4",,"10","Variation",Operating System=Windows 11 Pro|RAM Size=16 GB|SSD Capacity=500 GB|Accessories=NONE,IF_9904A0D4
,,,,,,"220.2",,"10","Variation",Operating System=Windows 11 Pro|RAM Size=16 GB|SSD Capacity=1 TB|Accessories=NONE,IF_ED963D54
,,,,,,"149.8",,"10","Variation",Operating System=Windows 11 Pro|RAM Size=32 GB|SSD Capacity=128 GB|Accessories=NONE,IF_BC17040F
,,,,,,"173.0",,"10","Variation",Operating System=Windows 11 Pro|RAM Size=32 GB|SSD Capacity=250 GB|Accessories=NONE,IF_AE063ACA
,,,,,,"208.2",,"10","Variation",Operating System=Windows 11 Pro|RAM Size=32 GB|SSD Capacity=500 GB|Accessories=NONE,IF_FD8AA980
,,,,,,"242.6",,"10","Variation",Operating System=Windows 11 Pro|RAM Size=32 GB|SSD Capacity=1 TB|Accessories=NONE,IF_319F6A60
,,,,,,"102.6",,"10","Variation",Operating System=Windows 10 Pro|RAM Size=8 GB|SSD Capacity=128 GB|Accessories=NONE,IF_544B799B
,,,,,,"132.2",,"10","Variation",Operating System=Windows 10 Pro|RAM Size=8 GB|SSD Capacity=250 GB|Accessories=NONE,IF_892BCCBB
,,,,,,"165.8",,"10","Variation",Operating System=Windows 10 Pro|RAM Size=8 GB|SSD Capacity=500 GB|Accessories=NONE,IF_D9C5AD49
,,,,,,"200.2",,"10","Variation",Operating System=Windows 10 Pro|RAM Size=8 GB|SSD Capacity=1 TB|Accessories=NONE,IF_07291B55
,,,,,,"120.2",,"10","Variation",Operating System=Windows 10 Pro|RAM Size=16 GB|SSD Capacity=128 GB|Accessories=NONE,IF_90521275
,,,,,,"144.2",,"10","Variation",Operating System=Windows 10 Pro|RAM Size=16 GB|SSD Capacity=250 GB|Accessories=NONE,IF_F66C5CE9
,,,,,,"178.6",,"10","Variation",Operating System=Windows 10 Pro|RAM Size=16 GB|SSD Capacity=500 GB|Accessories=NONE,IF_5A4E6062
,,,,,,"213.8",,"10","Variation",Operating System=Windows 10 Pro|RAM Size=16 GB|SSD Capacity=1 TB|Accessories=NONE,IF_AFC23013
,,,,,,"140.2",,"10","Variation",Operating System=Windows 10 Pro|RAM Size=32 GB|SSD Capacity=128 GB|Accessories=NONE,IF_6B6152B1
,,,,,,"165.0",,"10","Variation",Operating System=Windows 10 Pro|RAM Size=32 GB|SSD Capacity=250 GB|Accessories=NONE,IF_B035807B
,,,,,,"208.2",,"10","Variation",Operating System=Windows 10 Pro|RAM Size=32 GB|SSD Capacity=500 GB|Accessories=NONE,IF_3ACB4173
,,,,,,"233.8",,"10","Variation",Operating System=Windows 10 Pro|RAM Size=32 GB|SSD Capacity=1 TB|Accessories=NONE,IF_0374C0C1
Revise,"CPUs/Processors (164)","157312924106",Intel Core i5-6TH GEN Quad-Core Processor 3.2 GHz 6MB LGA1151,"US","USD","36.58",,"8",,,IF_DC7D616D
Revise,"PC Desktops & All-In-Ones (179)","157323186459",Lenovo Tiny PC Mini Computer Intel core i7 i5 32GB Ram 2TB SSD Wi-Fi Windows 11,"US","USD",,,,,Processor=Intel Core i5;Intel Core i7|RAM Size=8 GB;16 GB;32 GB|SSD Capacity=250 GB;500 GB;1 TB;2 TB|Accessories=NONE;Display Cable,N5G-IF6-GXB
,,,,,,"144.25",,"3","Variation",Processor=Intel Core i5|RAM Size=8 GB|SSD Capacity=250 GB|Accessories=NONE,IF_EF7171FD
,,,,,,"149.25",,"3","Variation",Processor=Intel Core i5|RAM Size=8 GB|SSD Capacity=250 GB|Accessories=Display Cable,IF_1580DC9F
,,,,,,"159.25",,"3","Variation",Processor=Intel Core i5|RAM Size=8 GB|SSD Capacity=500 GB|Accessories=NONE,IF_169C0974
,,,,,,"164.25",,"3","Variation",Processor=Intel Core i5|RAM Size=8 GB|SSD Capacity=500 GB|Accessories=Display Cable,IF_12F5C2CC
,,,,,,"182.25",,"3","Variation",Processor=Intel Core i5|RAM Size=8 GB|SSD Capacity=1 TB|Accessories=NONE,IF_2F85F222
,,,,,,"190.25",,"3","Variation",Processor=Intel Core i5|RAM Size=8 GB|SSD Capacity=1 TB|Accessories=Display Cable,IF_9A28BB10
,,,,,,"229.25",,"3","Variation",Processor=Intel Core i5|RAM Size=8 GB|SSD Capacity=2 TB|Accessories=NONE,IF_290C5B20
,,,,,,"234.25",,"3","Variation",Processor=Intel Core i5|RAM Size=8 GB|SSD Capacity=2 TB|Accessories=Display Cable,IF_C4C803D0
,,,,,,"154.25",,"3","Variation",Processor=Intel Core i5|RAM Size=16 GB|SSD Capacity=250 GB|Accessories=NONE,IF_21A00D43
,,,,,,"159.25",,"3","Variation",Processor=Intel Core i5|RAM Size=16 GB|SSD Capacity=250 GB|Accessories=Display Cable,IF_14DB66DD
,,,,,,"164.25",,"3","Variation",Processor=Intel Core i5|RAM Size=16 GB|SSD Capacity=500 GB|Accessories=NONE,IF_E680F698
,,,,,,"169.25",,"3","Variation",Processor=Intel Core i5|RAM Size=16 GB|SSD Capacity=500 GB|Accessories=Display Cable,IF_3189AA79
,,,,,,"190.25",,"3","Variation",Processor=Intel Core i5|RAM Size=16 GB|SSD Capacity=1 TB|Accessories=NONE,IF_9A841504
,,,,,,"195.25",,"3","Variation",Processor=Intel Core i5|RAM Size=16 GB|SSD Capacity=1 TB|Accessories=Display Cable,IF_E1E9C318
,,,,,,"239.25",,"3","Variation",Processor=Intel Core i5|RAM Size=16 GB|SSD Capacity=2 TB|Accessories=NONE,IF_0D3B06D3
,,,,,,"244.25",,"3","Variation",Processor=Intel Core i5|RAM Size=16 GB|SSD Capacity=2 TB|Accessories=Display Cable,IF_1C502602
,,,,,,"210.25",,"3","Variation",Processor=Intel Core i5|RAM Size=32 GB|SSD Capacity=250 GB|Accessories=NONE,IF_AE3BA6C7
,,,,,,"215.25",,"3","Variation",Processor=Intel Core i5|RAM Size=32 GB|SSD Capacity=250 GB|Accessories=Display Cable,IF_043382DA
,,,,,,"225.25",,"3","Variation",Processor=Intel Core i5|RAM Size=32 GB|SSD Capacity=500 GB|Accessories=NONE,IF_CFF0F128
,,,,,,"230.25",,"3","Variation",Processor=Intel Core i5|RAM Size=32 GB|SSD Capacity=500 GB|Accessories=Display Cable,IF_115D96D2
,,,,,,"280.25",,"3","Variation",Processor=Intel Core i5|RAM Size=32 GB|SSD Capacity=1 TB|Accessories=NONE,IF_874090EF
,,,,,,"289.25",,"3","Variation",Processor=Intel Core i5|RAM Size=32 GB|SSD Capacity=1 TB|Accessories=Display Cable,IF_7F8CC1BC
,,,,,,"310.25",,"3","Variation",Processor=Intel Core i5|RAM Size=32 GB|SSD Capacity=2 TB|Accessories=NONE,IF_E85B0090
,,,,,,"315.25",,"3","Variation",Processor=Intel Core i5|RAM Size=32 GB|SSD Capacity=2 TB|Accessories=Display Cable,IF_9924E69D
,,,,,,"154.25",,"3","Variation",Processor=Intel Core i7|RAM Size=8 GB|SSD Capacity=250 GB|Accessories=NONE,IF_93F6A5D0
,,,,,,"159.25",,"3","Variation",Processor=Intel Core i7|RAM Size=8 GB|SSD Capacity=250 GB|Accessories=Display Cable,IF_D58192A3
,,,,,,"169.25",,"3","Variation",Processor=Intel Core i7|RAM Size=8 GB|SSD Capacity=500 GB|Accessories=NONE,IF_6049CB02
,,,,,,"174.25",,"3","Variation",Processor=Intel Core i7|RAM Size=8 GB|SSD Capacity=500 GB|Accessories=Display Cable,IF_4A1919A1
,,,,,,"192.25",,"3","Variation",Processor=Intel Core i7|RAM Size=8 GB|SSD Capacity=1 TB|Accessories=NONE,IF_46EF105B
,,,,,,"200.25",,"3","Variation",Processor=Intel Core i7|RAM Size=8 GB|SSD Capacity=1 TB|Accessories=Display Cable,IF_0DF494DB
,,,,,,"240.25",,"3","Variation",Processor=Intel Core i7|RAM Size=8 GB|SSD Capacity=2 TB|Accessories=NONE,IF_BC006067
,,,,,,"245.25",,"3","Variation",Processor=Intel Core i7|RAM Size=8 GB|SSD Capacity=2 TB|Accessories=Display Cable,IF_D72729FC
,,,,,,"184.25",,"3","Variation",Processor=Intel Core i7|RAM Size=16 GB|SSD Capacity=250 GB|Accessories=NONE,IF_C5CFF17F
,,,,,,"189.25",,"3","Variation",Processor=Intel Core i7|RAM Size=16 GB|SSD Capacity=250 GB|Accessories=Display Cable,IF_E0A12CA0
,,,,,,"195.25",,"3","Variation",Processor=Intel Core i7|RAM Size=16 GB|SSD Capacity=500 GB|Accessories=NONE,IF_E43CE2CB
,,,,,,"199.25",,"3","Variation",Processor=Intel Core i7|RAM Size=16 GB|SSD Capacity=500 GB|Accessories=Display Cable,IF_A5954B64
,,,,,,"215.25",,"3","Variation",Processor=Intel Core i7|RAM Size=16 GB|SSD Capacity=1 TB|Accessories=NONE,IF_0EF68F9D
,,,,,,"225.25",,"3","Variation",Processor=Intel Core i7|RAM Size=16 GB|SSD Capacity=1 TB|Accessories=Display Cable,IF_A095648A
,,,,,,"285.25",,"3","Variation",Processor=Intel Core i7|RAM Size=16 GB|SSD Capacity=2 TB|Accessories=NONE,IF_2BE56311
,,,,,,"290.25",,"3","Variation",Processor=Intel Core i7|RAM Size=16 GB|SSD Capacity=2 TB|Accessories=Display Cable,IF_ADDD5600
,,,,,,"220.25",,"3","Variation",Processor=Intel Core i7|RAM Size=32 GB|SSD Capacity=250 GB|Accessories=NONE,IF_918A4A11
,,,,,,"225.25",,"3","Variation",Processor=Intel Core i7|RAM Size=32 GB|SSD Capacity=250 GB|Accessories=Display Cable,IF_30B72F9E
,,,,,,"235.25",,"3","Variation",Processor=Intel Core i7|RAM Size=32 GB|SSD Capacity=500 GB|Accessories=NONE,IF_3D316FA1
,,,,,,"240.25",,"3","Variation",Processor=Intel Core i7|RAM Size=32 GB|SSD Capacity=500 GB|Accessories=Display Cable,IF_04F798B3
,,,,,,"290.25",,"3","Variation",Processor=Intel Core i7|RAM Size=32 GB|SSD Capacity=1 TB|Accessories=NONE,IF_1C3004E4
,,,,,,"300.25",,"3","Variation",Processor=Intel Core i7|RAM Size=32 GB|SSD Capacity=1 TB|Accessories=Display Cable,IF_3708100F
,,,,,,"320.25",,"3","Variation",Processor=Intel Core i7|RAM Size=32 GB|SSD Capacity=2 TB|Accessories=NONE,IF_2E2B4832
,,,,,,"340.25",,"3","Variation",Processor=Intel Core i7|RAM Size=32 GB|SSD Capacity=2 TB|Accessories=Display Cable,IF_4E193BA3
Revise,"PC Desktops & All-In-Ones (179)","167794250105",Lenovo Windows 11 Pro Desktop Intel i5 Computer PC SFF 16GB RAM 512GB SSD WiFi,"US","USD","164.25",,"3",,,IF_CA43AEE7
Revise,"PC Desktops & All-In-Ones (179)","157324971862",Lenovo Windows 11 Pro Desktop Intel i5 Computer PC SFF 8/16GB RAM 512GB SSD WiFi,"US","USD",,,,,RAM Size=8 GB;16 GB|SSD Capacity=256 GB;512 GB;1 TB,33868833
,,,,,,"125.25",,"3","Variation",RAM Size=8 GB|SSD Capacity=256 GB,6LD-YHK-RRV
,,,,,,"150.25",,"3","Variation",RAM Size=8 GB|SSD Capacity=512 GB,6LD-YHK-RRV-1
,,,,,,"185.25",,"3","Variation",RAM Size=8 GB|SSD Capacity=1 TB,6LD-YHK-RRV-2
,,,,,,"184.25",,"3","Variation",RAM Size=16 GB|SSD Capacity=256 GB,6LD-YHK-RRV-3
,,,,,,"199.25",,"3","Variation",RAM Size=16 GB|SSD Capacity=512 GB,6LD-YHK-RRV-4
,,,,,,"250.25",,"3","Variation",RAM Size=16 GB|SSD Capacity=1 TB,6LD-YHK-RRV-5
Revise,"PC Desktops & All-In-Ones (179)","167794422406",Windows 11 Lenovo Small Tiny PC Computer Intel i5-6th 32GB 2TB SSD Wi-Fi Desktop,"US","USD",,,,,RAM Size=8 GB;16 GB;32 GB|SSD Capacity=128 GB;256 GB;512 GB;1 TB;2 TB|ACCESSORIES=Display Cable;None,33868877
,,,,,,"140.0",,"3","Variation",RAM Size=8 GB|SSD Capacity=128 GB|ACCESSORIES=Display Cable,QZX-5WR-THH-0
,,,,,,"135.0",,"3","Variation",RAM Size=8 GB|SSD Capacity=128 GB|ACCESSORIES=None,QZX-5WR-THH-1
,,,,,,"160.0",,"3","Variation",RAM Size=8 GB|SSD Capacity=256 GB|ACCESSORIES=Display Cable,QZX-5WR-THH-2
,,,,,,"155.0",,"3","Variation",RAM Size=8 GB|SSD Capacity=256 GB|ACCESSORIES=None,QZX-5WR-THH-3
,,,,,,"190.0",,"3","Variation",RAM Size=8 GB|SSD Capacity=512 GB|ACCESSORIES=Display Cable,QZX-5WR-THH-4
,,,,,,"185.0",,"3","Variation",RAM Size=8 GB|SSD Capacity=512 GB|ACCESSORIES=None,QZX-5WR-THH-5
,,,,,,"225.0",,"3","Variation",RAM Size=8 GB|SSD Capacity=1 TB|ACCESSORIES=Display Cable,QZX-5WR-THH-6
,,,,,,"220.0",,"3","Variation",RAM Size=8 GB|SSD Capacity=1 TB|ACCESSORIES=None,QZX-5WR-THH-7
,,,,,,"280.0",,"3","Variation",RAM Size=8 GB|SSD Capacity=2 TB|ACCESSORIES=Display Cable,QZX-5WR-THH-8
,,,,,,"270.0",,"3","Variation",RAM Size=8 GB|SSD Capacity=2 TB|ACCESSORIES=None,QZX-5WR-THH-9
,,,,,,"175.0",,"3","Variation",RAM Size=16 GB|SSD Capacity=128 GB|ACCESSORIES=Display Cable,QZX-5WR-THH-10
,,,,,,"170.0",,"3","Variation",RAM Size=16 GB|SSD Capacity=128 GB|ACCESSORIES=None,QZX-5WR-THH-11
,,,,,,"190.0",,"3","Variation",RAM Size=16 GB|SSD Capacity=256 GB|ACCESSORIES=Display Cable,QZX-5WR-THH-12
,,,,,,"185.0",,"3","Variation",RAM Size=16 GB|SSD Capacity=256 GB|ACCESSORIES=None,QZX-5WR-THH-13
,,,,,,"230.0",,"3","Variation",RAM Size=16 GB|SSD Capacity=512 GB|ACCESSORIES=Display Cable,QZX-5WR-THH-14
,,,,,,"225.0",,"3","Variation",RAM Size=16 GB|SSD Capacity=512 GB|ACCESSORIES=None,QZX-5WR-THH-15
,,,,,,"270.0",,"3","Variation",RAM Size=16 GB|SSD Capacity=1 TB|ACCESSORIES=Display Cable,QZX-5WR-THH-16
,,,,,,"265.0",,"3","Variation",RAM Size=16 GB|SSD Capacity=1 TB|ACCESSORIES=None,QZX-5WR-THH-17
,,,,,,"299.0",,"3","Variation",RAM Size=16 GB|SSD Capacity=2 TB|ACCESSORIES=Display Cable,QZX-5WR-THH-18
,,,,,,"295.0",,"3","Variation",RAM Size=16 GB|SSD Capacity=2 TB|ACCESSORIES=None,QZX-5WR-THH-19
,,,,,,"210.0",,"3","Variation",RAM Size=32 GB|SSD Capacity=128 GB|ACCESSORIES=Display Cable,QZX-5WR-THH-20
,,,,,,"205.0",,"3","Variation",RAM Size=32 GB|SSD Capacity=128 GB|ACCESSORIES=None,QZX-5WR-THH-21
,,,,,,"230.0",,"3","Variation",RAM Size=32 GB|SSD Capacity=256 GB|ACCESSORIES=Display Cable,QZX-5WR-THH-22
,,,,,,"225.0",,"3","Variation",RAM Size=32 GB|SSD Capacity=256 GB|ACCESSORIES=None,QZX-5WR-THH-23
,,,,,,"270.0",,"3","Variation",RAM Size=32 GB|SSD Capacity=512 GB|ACCESSORIES=Display Cable,QZX-5WR-THH-24
,,,,,,"265.0",,"3","Variation",RAM Size=32 GB|SSD Capacity=512 GB|ACCESSORIES=None,QZX-5WR-THH-25
,,,,,,"310.0",,"3","Variation",RAM Size=32 GB|SSD Capacity=1 TB|ACCESSORIES=Display Cable,QZX-5WR-THH-26
,,,,,,"305.0",,"3","Variation",RAM Size=32 GB|SSD Capacity=1 TB|ACCESSORIES=None,QZX-5WR-THH-27
,,,,,,"360.0",,"3","Variation",RAM Size=32 GB|SSD Capacity=2 TB|ACCESSORIES=Display Cable,QZX-5WR-THH-28
,,,,,,"355.0",,"3","Variation",RAM Size=32 GB|SSD Capacity=2 TB|ACCESSORIES=None,QZX-5WR-THH-29
Revise,"CPUs/Processors (164)","157325136254",Intel Core i3-6100 - 3.7 GHz Dual-Core (SR2HG) Processor,"US","USD","11.99",,"10",,,IF_0E2937D2